insert into surface(id, turf, dirt)
values
    (100101, 'A', 'G'),
    (100102, 'A', 'G'),
    (100103, 'A', 'G'),
    (100201, 'A', 'G'),
    (100202, 'A', 'G'),
    (100301, 'A', 'G'),
    (100302, 'A', 'G'),
    (100303, 'A', 'G'),
    (100401, 'A', 'D'),
    (100402, 'A', 'D'),
    (100501, 'A', 'F'),
    (100502, 'A', 'F'),
    (100601, 'A', 'B'),
    (100602, 'A', 'B'),
    (100701, 'A', 'G'),
    (100702, 'A', 'G'),
    (100703, 'A', 'G'),
    (100801, 'A', 'G'),
    (100802, 'A', 'G'),
    (100901, 'A', 'G'),
    (100902, 'A', 'G'),
    (101001, 'A', 'B'),
    (101002, 'A', 'B'),
    (101101, 'A', 'G'),
    (101102, 'A', 'G'),
    (101201, 'A', 'E'),
    (101202, 'A', 'E'),
    (101301, 'A', 'E'),
    (101302, 'A', 'E'),
    (101303, 'A', 'E'),
    (101401, 'A', 'B'),
    (101402, 'A', 'B'),
    (101501, 'A', 'E'),
    (101502, 'A', 'E'),
    (101601, 'A', 'G'),
    (101602, 'A', 'G'),
    (101701, 'A', 'G'),
    (101702, 'A', 'G'),
    (101801, 'A', 'G'),
    (101802, 'A', 'G'),
    (101901, 'A', 'A'),
    (101902, 'A', 'A'),
    (102001, 'A', 'G'),
    (102002, 'A', 'G'),
    (102101, 'A', 'F'),
    (102102, 'A', 'F'),
    (102201, 'A', 'G'),
    (102202, 'A', 'G'),
    (102301, 'A', 'F'),
    (102302, 'A', 'F'),
    (102401, 'A', 'E'),
    (102402, 'A', 'E'),
    (102501, 'A', 'G'),
    (102502, 'A', 'G'),
    (102601, 'A', 'G'),
    (102602, 'A', 'G'),
    (102701, 'A', 'G'),
    (102702, 'A', 'G'),
    (102801, 'A', 'F'),
    (102901, 'A', 'B'),
    (102902, 'A', 'A'),
    (103001, 'A', 'G'),
    (103002, 'A', 'G'),
    (103101, 'A', 'G'),
    (103102, 'A', 'G'),
    (103201, 'A', 'G'),
    (103202, 'A', 'G'),
    (103301, 'A', 'G'),
    (103401, 'A', 'A'),
    (103402, 'A', 'A'),
    (103501, 'A', 'G'),
    (103502, 'A', 'G'),
    (103601, 'A', 'G'),
    (103602, 'A', 'G'),
    (103701, 'A', 'G'),
    (103702, 'A', 'G'),
    (103801, 'A', 'F'),
    (103802, 'A', 'F'),
    (103901, 'A', 'G'),
    (103902, 'A', 'G'),
    (104001, 'A', 'D'),
    (104002, 'A', 'D'),
    (104101, 'A', 'G'),
    (104102, 'A', 'G'),
    (104201, 'A', 'F'),
    (104301, 'F', 'A'),
    (104401, 'A', 'G'),
    (104501, 'A', 'G'),
    (104502, 'A', 'G'),
    (104601, 'E', 'A'),
    (104602, 'E', 'A'),
    (104701, 'A', 'G'),
    (104702, 'A', 'G'),
    (104801, 'A', 'G'),
    (104802, 'A', 'G'),
    (104901, 'A', 'G'),
    (105001, 'A', 'G'),
    (105002, 'A', 'G'),
    (105101, 'A', 'F'),
    (105102, 'A', 'F'),
    (105201, 'G', 'A'),
    (105202, 'G', 'A'),
    (105301, 'A', 'D'),
    (105302, 'A', 'D'),
    (105401, 'A', 'E'),
    (105501, 'A', 'F'),
    (105601, 'A', 'F'),
    (105602, 'A', 'F'),
    (105701, 'A', 'G'),
    (105801, 'A', 'E'),
    (105802, 'A', 'E'),
    (105901, 'A', 'G'),
    (105902, 'A', 'G'),
    (106001, 'A', 'G'),
    (106002, 'A', 'G'),
    (106003, 'A', 'G'),
    (106101, 'A', 'G'),
    (106102, 'A', 'G'),
    (106201, 'A', 'G'),
    (106202, 'A', 'G'),
    (106301, 'A', 'G'),
    (106401, 'A', 'G'),
    (106402, 'A', 'G'),
    (106501, 'A', 'G'),
    (106601, 'A', 'F'),
    (106701, 'A', 'G'),
    (106702, 'A', 'G'),
    (106703, 'A', 'G'),
    (106801, 'A', 'G'),
    (106802, 'A', 'G'),
    (106803, 'A', 'G'),
    (106901, 'A', 'G'),
    (106902, 'A', 'G'),
    (107001, 'A', 'G'),
    (107101, 'A', 'F'),
    (107102, 'A', 'F'),
    (107201, 'A', 'E'),
    (107301, 'A', 'G'),
    (107401, 'A', 'G'),
    (107402, 'A', 'G'),
    (107501, 'A', 'G'),
    (107601, 'A', 'E'),
    (107701, 'A', 'G'),
    (107801, 'A', 'D'),
    (107901, 'A', 'G'),
    (108001, 'A', 'G'),
    (108101, 'A', 'G'),
    (108201, 'A', 'G'),
    (108301, 'A', 'G'),
    (108302, 'A', 'G'),
    (108401, 'A', 'F'),
    (108501, 'A', 'G'),
    (108601, 'A', 'F'),
    (108701, 'A', 'G'),
    (108801, 'A', 'G'),
    (108901, 'A', 'G'),
    (109001, 'A', 'G'),
    (109101, 'A', 'G'),
    (109201, 'A', 'G'),
    (109301, 'A', 'G'),
    (109401, 'A', 'G'),
    (109501, 'A', 'G'),
    (109601, 'A', 'G'),
    (109701, 'A', 'G'),
    (109801, 'F', 'A'),
    (109901, 'G', 'A'),
    (110001, 'G', 'A'),
    (110101, 'A', 'G'),
    (110201, 'A', 'G'),
    (110301, 'A', 'G'),
    (110401, 'A', 'G'),
    (110501, 'A', 'G'),
    (110601, 'A', 'G'),
    (110701, 'A', 'G'),
    (110801, 'A', 'G'),
    (110901, 'A', 'G');

insert into distance(id, short, mile, medium, long)
values
    (100101, 'F', 'C', 'A', 'A'),
    (100102, 'F', 'C', 'A', 'A'),
    (100103, 'F', 'C', 'A', 'A'),
    (100201, 'D', 'A', 'A', 'E'),
    (100202, 'D', 'A', 'A', 'E'),
    (100301, 'F', 'E', 'A', 'B'),
    (100302, 'F', 'E', 'A', 'B'),
    (100303, 'F', 'E', 'A', 'A'),
    (100401, 'B', 'A', 'B', 'C'),
    (100402, 'B', 'A', 'B', 'C'),
    (100501, 'B', 'A', 'B', 'E'),
    (100502, 'B', 'A', 'B', 'E'),
    (100601, 'E', 'A', 'A', 'B'),
    (100602, 'E', 'A', 'A', 'B'),
    (100701, 'G', 'C', 'A', 'A'),
    (100702, 'G', 'C', 'A', 'A'),
    (100703, 'G', 'C', 'A', 'A'),
    (100801, 'F', 'A', 'A', 'F'),
    (100802, 'F', 'A', 'A', 'E'),
    (100901, 'F', 'A', 'A', 'B'),
    (100902, 'F', 'B', 'A', 'A'),
    (101001, 'A', 'A', 'E', 'G'),
    (101002, 'A', 'A', 'E', 'G'),
    (101101, 'G', 'A', 'B', 'A'),
    (101102, 'G', 'A', 'B', 'A'),
    (101201, 'D', 'A', 'A', 'B'),
    (101202, 'D', 'A', 'A', 'B'),
    (101301, 'G', 'F', 'A', 'A'),
    (101302, 'G', 'F', 'A', 'A'),
    (101303, 'G', 'F', 'A', 'A'),
    (101401, 'F', 'A', 'A', 'B'),
    (101402, 'F', 'A', 'A', 'B'),
    (101501, 'G', 'E', 'A', 'A'),
    (101502, 'G', 'E', 'A', 'A'),
    (101601, 'F', 'B', 'A', 'A'),
    (101602, 'F', 'B', 'A', 'A'),
    (101701, 'E', 'C', 'A', 'A'),
    (101702, 'E', 'C', 'A', 'A'),
    (101801, 'C', 'B', 'A', 'E'),
    (101802, 'C', 'B', 'A', 'E'),
    (101901, 'F', 'A', 'A', 'G'),
    (101902, 'F', 'A', 'A', 'G'),
    (102001, 'G', 'C', 'A', 'A'),
    (102002, 'G', 'C', 'A', 'A'),
    (102101, 'G', 'E', 'A', 'A'),
    (102102, 'G', 'E', 'A', 'A'),
    (102201, 'F', 'A', 'A', 'C'),
    (102202, 'F', 'A', 'A', 'C'),
    (102301, 'F', 'C', 'A', 'A'),
    (102302, 'F', 'C', 'A', 'A'),
    (102401, 'D', 'D', 'A', 'A'),
    (102402, 'D', 'D', 'A', 'A'),
    (102501, 'G', 'F', 'B', 'A'),
    (102502, 'G', 'F', 'B', 'A'),
    (102601, 'C', 'B', 'A', 'B'),
    (102602, 'C', 'B', 'A', 'B'),
    (102701, 'E', 'C', 'A', 'B'),
    (102702, 'E', 'C', 'A', 'B'),
    (102801, 'A', 'B', 'F', 'G'),
    (102901, 'D', 'A', 'A', 'E'),
    (102902, 'D', 'A', 'A', 'E'),
    (103001, 'E', 'C', 'A', 'A'),
    (103002, 'E', 'C', 'A', 'A'),
    (103101, 'G', 'A', 'A', 'C'),
    (103102, 'G', 'A', 'A', 'C'),
    (103201, 'G', 'D', 'A', 'B'),
    (103202, 'G', 'D', 'A', 'B'),
    (103301, 'F', 'C', 'A', 'C'),
    (103401, 'F', 'B', 'A', 'A'),
    (103402, 'F', 'B', 'A', 'A'),
    (103501, 'G', 'F', 'A', 'B'),
    (103502, 'G', 'F', 'A', 'B'),
    (103601, 'G', 'E', 'A', 'A'),
    (103602, 'G', 'E', 'A', 'A'),
    (103701, 'G', 'F', 'A', 'A'),
    (103702, 'G', 'F', 'A', 'A'),
    (103801, 'A', 'D', 'G', 'G'),
    (103802, 'A', 'D', 'G', 'G'),
    (103901, 'D', 'B', 'A', 'F'),
    (103902, 'D', 'B', 'A', 'F'),
    (104001, 'F', 'A', 'B', 'B'),
    (104002, 'F', 'A', 'B', 'B'),
    (104101, 'A', 'B', 'G', 'G'),
    (104102, 'A', 'B', 'G', 'G'),
    (104201, 'A', 'A', 'E', 'G'),
    (104301, 'C', 'A', 'B', 'G'),
    (104401, 'E', 'A', 'A', 'D'),
    (104501, 'G', 'G', 'A', 'A'),
    (104502, 'G', 'G', 'A', 'A'),
    (104601, 'B', 'A', 'A', 'E'),
    (104602, 'B', 'A', 'A', 'E'),
    (104701, 'G', 'E', 'A', 'A'),
    (104702, 'A', 'G', 'A', 'C'),
    (104801, 'G', 'F', 'A', 'B'),
    (104802, 'G', 'F', 'A', 'B'),
    (104901, 'G', 'C', 'A', 'B'),
    (105001, 'F', 'D', 'A', 'A'),
    (105002, 'F', 'D', 'A', 'A'),
    (105101, 'A', 'A', 'E', 'G'),
    (105102, 'A', 'A', 'E', 'G'),
    (105201, 'A', 'B', 'G', 'G'),
    (105202, 'A', 'A', 'G', 'G'),
    (105301, 'A', 'A', 'C', 'G'),
    (105302, 'A', 'A', 'C', 'G'),
    (105401, 'A', 'B', 'G', 'G'),
    (105501, 'G', 'C', 'A', 'B'),
    (105601, 'F', 'C', 'A', 'A'),
    (105602, 'F', 'C', 'A', 'A'),
    (105701, 'G', 'B', 'A', 'A'),
    (105801, 'G', 'F', 'A', 'A'),
    (105802, 'G', 'F', 'A', 'A'),
    (105901, 'E', 'A', 'A', 'F'),
    (105902, 'E', 'A', 'A', 'F'),
    (106001, 'G', 'C', 'A', 'A'),
    (106002, 'G', 'C', 'A', 'A'),
    (106003, 'G', 'C', 'A', 'A'),
    (106101, 'A', 'B', 'B', 'C'),
    (106102, 'A', 'B', 'B', 'C'),
    (106201, 'G', 'D', 'A', 'A'),
    (106202, 'G', 'D', 'A', 'A'),
    (106301, 'A', 'G', 'A', 'C'),
    (106401, 'G', 'F', 'A', 'A'),
    (106402, 'G', 'F', 'A', 'A'),
    (106501, 'B', 'A', 'B', 'E'),
    (106601, 'G', 'A', 'A', 'E'),
    (106701, 'G', 'C', 'A', 'A'),
    (106702, 'G', 'C', 'A', 'A'),
    (106703, 'G', 'C', 'A', 'A'),
    (106801, 'E', 'C', 'A', 'A'),
    (106802, 'E', 'C', 'A', 'A'),
    (106803, 'E', 'C', 'A', 'A'),
    (106901, 'E', 'A', 'A', 'E'),
    (106902, 'E', 'A', 'A', 'E'),
    (107001, 'G', 'B', 'A', 'C'),
    (107101, 'E', 'B', 'A', 'D'),
    (107102, 'E', 'B', 'A', 'D'),
    (107201, 'G', 'B', 'A', 'E'),
    (107301, 'A', 'G', 'A', 'C'),
    (107401, 'F', 'C', 'A', 'A'),
    (107402, 'F', 'C', 'A', 'A'),
    (107501, 'A', 'G', 'A', 'C'),
    (107601, 'G', 'C', 'A', 'A'),
    (107701, 'G', 'C', 'A', 'A'),
    (107801, 'B', 'A', 'A', 'G'),
    (107901, 'A', 'G', 'A', 'C'),
    (108001, 'A', 'G', 'A', 'C'),
    (108101, 'A', 'G', 'A', 'C'),
    (108201, 'A', 'G', 'A', 'C'),
    (108301, 'G', 'E', 'A', 'A'),
    (108302, 'G', 'E', 'A', 'A'),
    (108401, 'F', 'A', 'A', 'F'),
    (108501, 'A', 'A', 'C', 'G'),
    (108601, 'B', 'A', 'A', 'E'),
    (108701, 'A', 'B', 'G', 'G'),
    (108801, 'G', 'B', 'A', 'E'),
    (108901, 'G', 'G', 'A', 'A'),
    (109001, 'A', 'G', 'A', 'C'),
    (109101, 'E', 'A', 'A', 'G'),
    (109201, 'A', 'G', 'A', 'C'),
    (109301, 'A', 'B', 'G', 'G'),
    (109401, 'A', 'G', 'A', 'C'),
    (109501, 'A', 'G', 'A', 'C'),
    (109601, 'A', 'G', 'A', 'C'),
    (109701, 'A', 'G', 'A', 'C'),
    (109801, 'C', 'A', 'A', 'G'),
    (109901, 'F', 'A', 'A', 'E'),
    (110001, 'D', 'A', 'A', 'E'),
    (110101, 'A', 'G', 'A', 'C'),
    (110201, 'A', 'G', 'A', 'C'),
    (110301, 'A', 'G', 'A', 'C'),
    (110401, 'E', 'B', 'A', 'B'),
    (110501, 'F', 'B', 'A', 'B'),
    (110601, 'G', 'G', 'A', 'A'),
    (110701, 'G', 'E', 'A', 'A'),
    (110801, 'G', 'A', 'A', 'C'),
    (110901, 'A', 'G', 'A', 'C');

insert into strategy(id, runner, leader, betweener, chaser)
values
    (100101, 'G', 'A', 'A', 'C'),
    (100102, 'G', 'A', 'A', 'C'),
    (100103, 'G', 'A', 'A', 'C'),
    (100201, 'A', 'C', 'E', 'G'),
    (100202, 'A', 'C', 'E', 'G'),
    (100301, 'D', 'A', 'C', 'E'),
    (100302, 'D', 'A', 'C', 'E'),
    (100303, 'D', 'A', 'C', 'E'),
    (100401, 'A', 'E', 'G', 'G'),
    (100402, 'A', 'E', 'G', 'G'),
    (100501, 'C', 'A', 'C', 'G'),
    (100502, 'C', 'A', 'C', 'G'),
    (100601, 'F', 'A', 'A', 'D'),
    (100602, 'F', 'A', 'A', 'D'),
    (100701, 'G', 'B', 'B', 'A'),
    (100702, 'G', 'B', 'B', 'A'),
    (100703, 'G', 'B', 'B', 'A'),
    (100801, 'C', 'B', 'A', 'F'),
    (100802, 'C', 'B', 'A', 'F'),
    (100901, 'A', 'A', 'E', 'G'),
    (100902, 'A', 'A', 'E', 'G'),
    (101001, 'C', 'A', 'E', 'G'),
    (101002, 'C', 'A', 'E', 'G'),
    (101101, 'F', 'A', 'A', 'F'),
    (101102, 'F', 'A', 'A', 'F'),
    (101201, 'G', 'B', 'C', 'A'),
    (101202, 'G', 'B', 'C', 'A'),
    (101301, 'B', 'A', 'D', 'F'),
    (101302, 'B', 'A', 'D', 'F'),
    (101303, 'B', 'A', 'D', 'F'),
    (101401, 'E', 'A', 'A', 'C'),
    (101402, 'E', 'A', 'A', 'C'),
    (101501, 'C', 'A', 'A', 'G'),
    (101502, 'C', 'A', 'A', 'G'),
    (101601, 'G', 'A', 'A', 'D'),
    (101602, 'G', 'A', 'A', 'D'),
    (101701, 'B', 'A', 'A', 'C'),
    (101702, 'B', 'A', 'A', 'C'),
    (101801, 'D', 'A', 'A', 'G'),
    (101802, 'D', 'A', 'A', 'G'),
    (101901, 'G', 'A', 'A', 'B'),
    (101902, 'G', 'A', 'A', 'B'),
    (102001, 'A', 'B', 'D', 'E'),
    (102002, 'A', 'B', 'D', 'E'),
    (102101, 'G', 'A', 'A', 'A'),
    (102102, 'G', 'A', 'A', 'A'),
    (102201, 'D', 'A', 'E', 'C'),
    (102202, 'D', 'A', 'E', 'C'),
    (102301, 'E', 'A', 'B', 'E'),
    (102302, 'E', 'A', 'B', 'E'),
    (102401, 'A', 'A', 'B', 'B'),
    (102402, 'A', 'A', 'B', 'B'),
    (102501, 'G', 'C', 'A', 'C'),
    (102502, 'G', 'C', 'A', 'A'),
    (102601, 'A', 'E', 'G', 'G'),
    (102602, 'A', 'E', 'G', 'G'),
    (102701, 'F', 'A', 'A', 'F'),
    (102702, 'F', 'A', 'A', 'F'),
    (102801, 'B', 'A', 'C', 'G'),
    (102901, 'C', 'A', 'F', 'G'),
    (102902, 'C', 'A', 'F', 'G'),
    (103001, 'B', 'A', 'C', 'G'),
    (103002, 'B', 'A', 'C', 'G'),
    (103101, 'A', 'C', 'G', 'G'),
    (103102, 'A', 'C', 'G', 'G'),
    (103201, 'E', 'A', 'B', 'F'),
    (103202, 'E', 'A', 'B', 'F'),
    (103301, 'G', 'G', 'B', 'A'),
    (103401, 'G', 'B', 'B', 'A'),
    (103402, 'G', 'B', 'B', 'A'),
    (103501, 'G', 'B', 'A', 'G'),
    (103502, 'G', 'B', 'A', 'G'),
    (103601, 'G', 'C', 'A', 'A'),
    (103602, 'G', 'C', 'A', 'A'),
    (103701, 'G', 'B', 'A', 'C'),
    (103702, 'G', 'B', 'A', 'C'),
    (103801, 'B', 'A', 'E', 'G'),
    (103802, 'B', 'A', 'E', 'G'),
    (103901, 'G', 'C', 'A', 'D'),
    (103902, 'G', 'C', 'A', 'D'),
    (104001, 'F', 'A', 'A', 'F'),
    (104002, 'F', 'A', 'A', 'F'),
    (104101, 'A', 'A', 'F', 'G'),
    (104102, 'A', 'A', 'F', 'G'),
    (104201, 'C', 'A', 'A', 'B'),
    (104301, 'G', 'A', 'B', 'F'),
    (104401, 'G', 'G', 'A', 'A'),
    (104501, 'D', 'A', 'B', 'G'),
    (104502, 'D', 'A', 'B', 'G'),
    (104601, 'A', 'D', 'G', 'G'),
    (104602, 'A', 'D', 'G', 'G'),
    (104701, 'G', 'A', 'A', 'E'),
    (104702, 'A', 'G', 'A', 'C'),
    (104801, 'C', 'A', 'B', 'G'),
    (104802, 'C', 'A', 'A', 'G'),
    (104901, 'G', 'A', 'A', 'D'),
    (105001, 'G', 'F', 'B', 'A'),
    (105002, 'G', 'F', 'B', 'A'),
    (105101, 'F', 'A', 'A', 'G'),
    (105102, 'F', 'A', 'A', 'G'),
    (105201, 'G', 'G', 'A', 'B'),
    (105202, 'G', 'G', 'A', 'B'),
    (105301, 'G', 'E', 'A', 'C'),
    (105302, 'G', 'E', 'A', 'C'),
    (105401, 'G', 'E', 'A', 'B'),
    (105501, 'G', 'A', 'A', 'C'),
    (105601, 'G', 'B', 'A', 'F'),
    (105602, 'G', 'B', 'A', 'F'),
    (105701, 'G', 'E', 'A', 'A'),
    (105801, 'F', 'A', 'B', 'E'),
    (105802, 'F', 'A', 'B', 'E'),
    (105901, 'C', 'B', 'A', 'G'),
    (105902, 'C', 'B', 'A', 'G'),
    (106001, 'F', 'B', 'A', 'D'),
    (106002, 'F', 'B', 'A', 'D'),
    (106003, 'F', 'B', 'A', 'D'),
    (106101, 'G', 'B', 'A', 'D'),
    (106102, 'G', 'B', 'A', 'D'),
    (106201, 'F', 'A', 'A', 'E'),
    (106202, 'F', 'A', 'A', 'E'),
    (106301, 'A', 'G', 'A', 'C'),
    (106401, 'A', 'E', 'F', 'G'),
    (106402, 'A', 'E', 'F', 'G'),
    (106501, 'A', 'A', 'G', 'G'),
    (106601, 'A', 'G', 'G', 'G'),
    (106701, 'G', 'B', 'A', 'D'),
    (106702, 'G', 'B', 'A', 'D'),
    (106703, 'G', 'B', 'A', 'D'),
    (106801, 'A', 'B', 'C', 'G'),
    (106802, 'A', 'B', 'C', 'G'),
    (106803, 'A', 'B', 'C', 'G'),
    (106901, 'B', 'A', 'F', 'G'),
    (106902, 'B', 'A', 'F', 'G'),
    (107001, 'E', 'A', 'C', 'E'),
    (107101, 'C', 'A', 'D', 'G'),
    (107102, 'C', 'A', 'D', 'G'),
    (107201, 'F', 'A', 'A', 'G'),
    (107301, 'A', 'G', 'A', 'C'),
    (107401, 'G', 'D', 'A', 'A'),
    (107402, 'G', 'D', 'A', 'A'),
    (107501, 'A', 'G', 'A', 'C'),
    (107601, 'G', 'B', 'A', 'B'),
    (107701, 'F', 'A', 'B', 'D'),
    (107801, 'E', 'A', 'C', 'G'),
    (107901, 'A', 'G', 'A', 'C'),
    (108001, 'A', 'G', 'A', 'C'),
    (108101, 'A', 'G', 'A', 'C'),
    (108201, 'A', 'G', 'A', 'C'),
    (108301, 'G', 'A', 'A', 'D'),
    (108302, 'G', 'A', 'A', 'D'),
    (108401, 'G', 'D', 'A', 'A'),
    (108501, 'E', 'B', 'A', 'A'),
    (108601, 'G', 'A', 'A', 'F'),
    (108701, 'A', 'A', 'G', 'G'),
    (108801, 'G', 'B', 'A', 'D'),
    (108901, 'G', 'A', 'B', 'F'),
    (109001, 'A', 'G', 'A', 'C'),
    (109101, 'G', 'D', 'A', 'C'),
    (109201, 'A', 'G', 'A', 'C'),
    (109301, 'E', 'A', 'B', 'C'),
    (109401, 'A', 'G', 'A', 'C'),
    (109501, 'A', 'G', 'A', 'C'),
    (109601, 'A', 'G', 'A', 'C'),
    (109701, 'A', 'G', 'A', 'C'),
    (109801, 'A', 'A', 'C', 'G'),
    (109901, 'B', 'A', 'G', 'G'),
    (110001, 'C', 'A', 'C', 'E'),
    (110101, 'A', 'G', 'A', 'C'),
    (110201, 'A', 'G', 'A', 'C'),
    (110301, 'A', 'G', 'A', 'C'),
    (110401, 'A', 'A', 'E', 'G'),
    (110501, 'F', 'A', 'A', 'C'),
    (110601, 'G', 'C', 'A', 'B'),
    (110701, 'A', 'B', 'F', 'G'),
    (110801, 'G', 'C', 'A', 'A'),
    (110901, 'A', 'G', 'A', 'C');

insert into umamusume(id, title, name, image, is_released, is_displayed, surface_id, distance_id, strategy_id)
values
    (100101, 'Special Dreamer', 'Special Week', '/images/umamusume/100101.png', true, true, 100101, 100101, 100101),
    (100102, 'Hopping ♪ Vitamin Heart', 'Special Week', '/images/umamusume/100102.png', true, true, 100102, 100102, 100102),
    (100103, 'Supreme Commander of the Rising Sun', 'Special Week', '/images/umamusume/100103.png', false, true, 100103, 100103, 100103),
    (100201, 'Silent Innocence', 'Silence Suzuka', '/images/umamusume/100201.png', true, true, 100201, 100201, 100201),
    (100202, 'Emerald Among the Waves', 'Silence Suzuka', '/images/umamusume/100202.png', false, true, 100202, 100202, 100202),
    (100301, 'Top of Joyful', 'Tokai Teio', '/images/umamusume/100301.png', true, true, 100301, 100301, 100301),
    (100302, 'Beyond the Horizon', 'Tokai Teio', '/images/umamusume/100302.png', true, true, 100302, 100302, 100302),
    (100303, 'Dream Butterfly of Purple Clouds', 'Tokai Teio', '/images/umamusume/100303.png', false, true, 100303, 100303, 100303),
    (100401, 'Rouge Formula', 'Maruzensky', '/images/umamusume/100401.png', true, true, 100401, 100401, 100401),
    (100402, 'Blasting Off ☆ Summer Night', 'Maruzensky', '/images/umamusume/100402.png', true, true, 100402, 100402, 100402),
    (100501, 'Shooting Star Revue', 'Fuji Kiseki', '/images/umamusume/100501.png', true, true, 100501, 100501, 100501),
    (100502, 'Succès Étoile', 'Fuji Kiseki', '/images/umamusume/100502.png', true, true, 100502, 100502, 100502),
    (100601, 'Starlight Beat', 'Oguri Cap', '/images/umamusume/100601.png', true, true, 100601, 100601, 100601),
    (100602, 'Miraculous White Star', 'Oguri Cap', '/images/umamusume/100602.png', true, true, 100602, 100602, 100602),
    (100701, 'Red Strife', 'Gold Ship', '/images/umamusume/100701.png', true, true, 100701, 100701, 100701),
    (100702, 'Run! Fun! Watergun!', 'Gold Ship', '/images/umamusume/100702.png', false, true, 100702, 100702, 100702),
    (100703, 'La Mode 564', 'Gold Ship', '/images/umamusume/100703.png', false, true, 100703, 100703, 100703),
    (100801, 'Wild Top Gear', 'Vodka', '/images/umamusume/100801.png', true, true, 100801, 100801, 100801),
    (100802, 'Unfreezable Firewater', 'Vodka', '/images/umamusume/100802.png', false, true, 100802, 100802, 100802),
    (100901, 'Top of Blue', 'Daiwa Scarlet', '/images/umamusume/100901.png', true, true, 100901, 100901, 100901),
    (100902, 'Scarlet Nuit Étoilée', 'Daiwa Scarlet', '/images/umamusume/100902.png', false, true, 100902, 100902, 100902),
    (101001, 'Wild Frontier', 'Taiki Shuttle', '/images/umamusume/101001.png', true, true, 101001, 101001, 101001),
    (101002, 'Bubblegum ☆ Memories', 'Taiki Shuttle', '/images/umamusume/101002.png', true, true, 101002, 101002, 101002),
    (101101, 'Rock-piercing Blue', 'Grass Wonder', '/images/umamusume/101101.png', true, true, 101101, 101101, 101101),
    (101102, 'Saint Jade Healer', 'Grass Wonder', '/images/umamusume/101102.png', true, true, 101102, 101102, 101102),
    (101201, 'Amazoness Lapis', 'Hishi Amazon', '/images/umamusume/101201.png', true, true, 101201, 101201, 101201),
    (101202, 'Hungry Veil', 'Hishi Amazon', '/images/umamusume/101202.png', false, true, 101202, 101202, 101202),
    (101301, 'Elegance Line', 'Mejiro McQueen', '/images/umamusume/101301.png', true, true, 101301, 101301, 101301),
    (101302, 'End of Sky', 'Mejiro McQueen', '/images/umamusume/101302.png', true, true, 101302, 101302, 101302),
    (101303, 'Fair Lady of the Waves', 'Mejiro McQueen', '/images/umamusume/101303.png', false, true, 101303, 101303, 101303),
    (101401, 'El ☆ Numero 1', 'El Condor Pasa', '/images/umamusume/101401.png', true, true, 101401, 101401, 101401),
    (101402, 'Kukulkan Monk', 'El Condor Pasa', '/images/umamusume/101402.png', true, true, 101402, 101402, 101402),
    (101501, 'O Sole So', 'TM Opera O', '/images/umamusume/101501.png', true, true, 101501, 101501, 101501),
    (101502, 'Blue Dazzle', 'TM Opera O', '/images/umamusume/101502.png', true, true, 101502, 101502, 101502),
    (101601, 'Maverick', 'Narita Brian', '/images/umamusume/101601.png', true, true, 101601, 101601, 101601),
    (101602, 'Hungry Wolf', 'Narita Brian', '/images/umamusume/101602.png', false, true, 101602, 101602, 101602),
    (101701, 'Road of Emperor', 'Symboli Rudolf', '/images/umamusume/101701.png', true, true, 101701, 101701, 101701),
    (101702, 'Archer of the White Moon', 'Symboli Rudolf', '/images/umamusume/101702.png', true, true, 101702, 101702, 101702),
    (101801, 'Empress Road', 'Air Groove', '/images/umamusume/101801.png', true, true, 101801, 101801, 101801),
    (101802, 'Quercus Civilis', 'Air Groove', '/images/umamusume/101802.png', true, true, 101802, 101802, 101802),
    (101901, 'Super Express! Full Color Special', 'Agnes Digital', '/images/umamusume/101901.png', true, true, 101901, 101901, 101901),
    (101902, 'Agnes♡Jiangshi', 'Agnes Digital', '/images/umamusume/101902.png', false, true, 101902, 101902, 101902),
    (102001, 'Blue Cloud Thumbing', 'Seiun Sky', '/images/umamusume/102001.png', true, true, 102001, 102001, 102001),
    (102002, 'Soirée de Chaton', 'Seiun Sky', '/images/umamusume/102002.png', true, true, 102002, 102002, 102002),
    (102101, 'With Lightning Speed', 'Tamamo Cross', '/images/umamusume/102101.png', true, true, 102101, 102101, 102101),
    (102102, 'Ferocious Thunder', 'Tamamo Cross', '/images/umamusume/102102.png', false, true, 102102, 102102, 102102),
    (102201, 'Noble Seamair', 'Fine Motion', '/images/umamusume/102201.png', true, true, 102201, 102201, 102201),
    (102202, 'Titania', 'Fine Motion', '/images/umamusume/102202.png', true, true, 102202, 102202, 102202),
    (102301, 'pf.Victory Formula...', 'Biwa Hayahide', '/images/umamusume/102301.png', true, true, 102301, 102301, 102301),
    (102302, 'Noel Rouge Carol', 'Biwa Hayahide', '/images/umamusume/102302.png', true, true, 102302, 102302, 102302),
    (102401, 'Scramble ☆ Zone', 'Mayano Top Gun', '/images/umamusume/102401.png', true, true, 102401, 102401, 102401),
    (102402, 'Sunlight Bouquet', 'Mayano Top Gun', '/images/umamusume/102402.png', true, true, 102402, 102402, 102402),
    (102501, 'Creeping Black', 'Manhattan Cafe', '/images/umamusume/102501.png', true, true, 102501, 102501, 102501),
    (102502, 'Willow-Green Evening', 'Manhattan Cafe', '/images/umamusume/102502.png', false, false, 102502, 102502, 102502),
    (102601, 'MB-19890425', 'Mihono Bourbon', '/images/umamusume/102601.png', true, true, 102601, 102601, 102601),
    (102602, 'Code Glaçage', 'Mihono Bourbon', '/images/umamusume/102602.png', true, true, 102602, 102602, 102602),
    (102701, 'Straight Line', 'Mejiro Ryan', '/images/umamusume/102701.png', true, true, 102701, 102701, 102701),
    (102702, 'Marguerite・Latte', 'Mejiro Ryan', '/images/umamusume/102702.png', false, true, 102702, 102702, 102702),
    (102801, 'Bono ☆ Alla Moda', 'Hishi Akebono', '/images/umamusume/102801.png', true, true, 102801, 102801, 102801),
    (102901, 'Cute Sweet Flower of Mutsu', 'Yukino Bijin', '/images/umamusume/102901.png', false, true, 102901, 102901, 102901),
    (102902, 'Snowy Girl of Tea and Cake', 'Yukino Bijin', '/images/umamusume/102902.png', false, true, 102902, 102902, 102902),
    (103001, 'Rose Dream', 'Rice Shower', '/images/umamusume/103001.png', true, true, 103001, 103001, 103001),
    (103002, 'Make up Vampire!', 'Rice Shower', '/images/umamusume/103002.png', true, true, 103002, 103002, 103002),
    (103101, 'All-time Fever', 'Ines Fujin', '/images/umamusume/103101.png', true, true, 103101, 103101, 103101),
    (103102, 'MELTY GIFT', 'Ines Fujin', '/images/umamusume/103102.png', false, true, 103102, 103102, 103102),
    (103201, 'Tach-nology', 'Agnes Tachyon', '/images/umamusume/103201.png', true, true, 103201, 103201, 103201),
    (103202, 'Lunatic Lab', 'Agnes Tachyon', '/images/umamusume/103202.png', false, true, 103202, 103202, 103202),
    (103301, 'Starry Nocturne', 'Admire Vega', '/images/umamusume/103301.png', true, true, 103301, 103301, 103301),
    (103401, 'Inari Yukari Edomurasaki', 'Inari One', '/images/umamusume/103401.png', true, true, 103401, 103401, 103401),
    (103402, 'Fields of Gold', 'Inari One', '/images/umamusume/103402.png', false, true, 103402, 103402, 103402),
    (103501, 'Go To Winning!', 'Winning Ticket', '/images/umamusume/103501.png', true, true, 103501, 103501, 103501),
    (103502, 'Dream Deliverer', 'Winning Ticket', '/images/umamusume/103502.png', false, true, 103502, 103502, 103502),
    (103601, 'unsigned', 'Air Shakur', '/images/umamusume/103601.png', true, true, 103601, 103601, 103601),
    (103602, 'Belphegor''s Prime', 'Air Shakur', '/images/umamusume/103602.png', false, true, 103602, 103602, 103602),
    (103701, 'Meisterschaft', 'Eishin Flash', '/images/umamusume/103701.png', true, true, 103701, 103701, 103701),
    (103702, 'Collect・Chocolatier', 'Eishin Flash', '/images/umamusume/103702.png', true, true, 103702, 103702, 103702),
    (103801, 'Fille Éclair', 'Curren Chan', '/images/umamusume/103801.png', true, true, 103801, 103801, 103801),
    (103802, 'Ma Chérie', 'Curren Chan', '/images/umamusume/103802.png', true, true, 103802, 103802, 103802),
    (103901, 'Princess of Pink', 'Kawakami Princess', '/images/umamusume/103901.png', true, true, 103901, 103901, 103901),
    (103902, 'Suikan Beauty', 'Kawakami Princess', '/images/umamusume/103902.png', false, true, 103902, 103902, 103902),
    (104001, 'Authentic 1928', 'Gold City', '/images/umamusume/104001.png', true, true, 104001, 104001, 104001),
    (104002, 'Akizakura Danzatrice', 'Gold City', '/images/umamusume/104002.png', true, true, 104002, 104002, 104002),
    (104101, 'Sakura, Forward!', 'Sakura Bakushin O', '/images/umamusume/104101.png', true, true, 104101, 104101, 104101),
    (104102, 'Red-Hot Leader', 'Sakura Bakushin O', '/images/umamusume/104102.png', false, true, 104102, 104102, 104102),
    (104201, 'Rocket ☆ Star', 'Seeking the Pearl', '/images/umamusume/104201.png', false, true, 104201, 104201, 104201),
    (104301, 'Wicked Punk', 'Shinko Windy', '/images/umamusume/104301.png', false, true, 104301, 104301, 104301),
    (104401, 'Platanus Witch', 'Sweep Tosho', '/images/umamusume/104401.png', true, true, 104401, 104401, 104401),
    (104501, 'Murmuring Stream', 'Super Creek', '/images/umamusume/104501.png', true, true, 104501, 104501, 104501),
    (104502, 'Chiffon Ribbon Mummy', 'Super Creek', '/images/umamusume/104502.png', true, true, 104502, 104502, 104502),
    (104601, 'Absolute ☆ LOVE', 'Smart Falcon', '/images/umamusume/104601.png', true, true, 104601, 104601, 104601),
    (104602, 'Twilight Triumph', 'Smart Falcon', '/images/umamusume/104602.png', false, true, 104602, 104602, 104602),
    (104701, 'Heroic Author', 'Zenno Rob Roy', '/images/umamusume/104701.png', false, true, 104701, 104701, 104701),
    (104702, '', '', '/images/umamusume/104702.png', false, false, 104702, 104702, 104702),
    (104801, 'Pop ☆ Joker', 'Tosen Jordan', '/images/umamusume/104801.png', true, true, 104801, 104801, 104801),
    (104802, 'Aurore☆Vacances', 'Tosen Jordan', '/images/umamusume/104802.png', false, true, 104802, 104802, 104802),
    (104901, 'Dramatic Turnabout', 'Nakayama Festa', '/images/umamusume/104901.png', false, true, 104901, 104901, 104901),
    (105001, 'Nevertheless', 'Narita Taishin', '/images/umamusume/105001.png', true, true, 105001, 105001, 105001),
    (105002, 'Difference Engineer', 'Narita Taishin', '/images/umamusume/105002.png', false, true, 105002, 105002, 105002),
    (105101, 'Tiered Petal', 'Nishino Flower', '/images/umamusume/105101.png', true, true, 105101, 105101, 105101),
    (105102, 'Sweet Juneberry', 'Nishino Flower', '/images/umamusume/105102.png', false, true, 105102, 105102, 105102),
    (105201, 'Uraran First Prize ♪', 'Haru Urara', '/images/umamusume/105201.png', true, true, 105201, 105201, 105201),
    (105202, 'First Urara ♪ Saku Sakura', 'Haru Urara', '/images/umamusume/105202.png', true, true, 105202, 105202, 105202),
    (105301, 'Ambition of the Black Iron', 'Bamboo Memory', '/images/umamusume/105301.png', false, true, 105301, 105301, 105301),
    (105302, 'Ultra☆Marine', 'Bamboo Memory', '/images/umamusume/105302.png', false, true, 105302, 105302, 105302),
    (105401, 'Gale Pegasus Type Zero', 'Biko Pegasus', '/images/umamusume/105401.png', false, false, 105401, 105401, 105401),
    (105501, '☆Sparkling★Dazzling☆Exciting∞Marvelous∞', 'Marvelous Sunday', '/images/umamusume/105501.png', false, true, 105501, 105501, 105501),
    (105601, 'Rising Luck ☆ Flood of Happiness', 'Matikanefukukitaru', '/images/umamusume/105601.png', true, true, 105601, 105601, 105601),
    (105602, 'Good Omen・First Storm', 'Matikanefukukitaru', '/images/umamusume/105602.png', true, true, 105602, 105602, 105602),
    (105701, 'Clear Bliss', 'Mr. C.B.', '/images/umamusume/105701.png', false, true, 105701, 105701, 105701),
    (105801, 'Blue/Raging', 'Meisho Doto', '/images/umamusume/105801.png', true, true, 105801, 105801, 105801),
    (105802, 'Dot-o''-Lantern', 'Meisho Doto', '/images/umamusume/105802.png', false, true, 105802, 105802, 105802),
    (105901, 'Twisted Line', 'Mejiro Dober', '/images/umamusume/105901.png', true, true, 105901, 105901, 105901),
    (105902, 'Vacances Saphir', 'Mejiro Dober', '/images/umamusume/105902.png', true, true, 105902, 105902, 105902),
    (106001, 'Poinsettia Ribbon', 'Nice Nature', '/images/umamusume/106001.png', true, true, 106001, 106001, 106001),
    (106002, 'RUN＆WIN', 'Nice Nature', '/images/umamusume/106002.png', true, true, 106002, 106002, 106002),
    (106003, 'Converging Wishes', 'Nice Nature', '/images/umamusume/106003.png', true, true, 106003, 106003, 106003),
    (106101, 'King of Emeralds', 'King Halo', '/images/umamusume/106101.png', true, true, 106101, 106101, 106101),
    (106102, 'Noble White Cheer Attire', 'King Halo', '/images/umamusume/106102.png', true, true, 106102, 106102, 106102),
    (106201, 'Pan~Paka~Tiru~Toto', 'Matikanetannhauser', '/images/umamusume/106201.png', true, true, 106201, 106201, 106201),
    (106202, 'Blue Turbulence', 'Matikanetannhauser', '/images/umamusume/106202.png', false, true, 106202, 106202, 106202),
    (106301, '', '', '/images/umamusume/106301.png', false, false, 106301, 106301, 106301),
    (106401, 'Line Breakthrough', 'Mejiro Palmer', '/images/umamusume/106401.png', true, true, 106401, 106401, 106401),
    (106402, 'Warm-Hearted Reindeer', 'Mejiro Palmer', '/images/umamusume/106402.png', false, true, 106402, 106402, 106402),
    (106501, 'Fun ☆ Fun ☆ Party Night', 'Daitaku Helios', '/images/umamusume/106501.png', false, true, 106501, 106501, 106501),
    (106601, 'Blast Mode! Turbo Engine', 'Twin Turbo', '/images/umamusume/106601.png', false, true, 106601, 106601, 106601),
    (106701, 'Natural Brilliance', 'Satono Diamond', '/images/umamusume/106701.png', true, true, 106701, 106701, 106701),
    (106702, 'Floral Star・Prosperous Green', 'Satono Diamond', '/images/umamusume/106702.png', false, true, 106702, 106702, 106702),
    (106703, 'Chevalier Bleu', 'Satono Diamond', '/images/umamusume/106703.png', false, true, 106703, 106703, 106703),
    (106801, 'Crowning Ooban', 'Kitasan Black', '/images/umamusume/106801.png', true, true, 106801, 106801, 106801),
    (106802, 'Jubilant Star・Auspicious Crane', 'Kitasan Black', '/images/umamusume/106802.png', false, true, 106802, 106802, 106802),
    (106803, 'Final Bloom', 'Kitasan Black', '/images/umamusume/106803.png', false, true, 106803, 106803, 106803),
    (106901, 'Hinoshita Kaisan・Hana Akari', 'Sakura Chiyono O', '/images/umamusume/106901.png', true, true, 106901, 106901, 106901),
    (106902, 'Fleur Enneigée', 'Sakura Chiyono O', '/images/umamusume/106902.png', false, true, 106902, 106902, 106902),
    (107001, 'Féroce', 'Sirius Symboli', '/images/umamusume/107001.png', false, true, 107001, 107001, 107001),
    (107101, 'Clinochlore Line', 'Mejiro Ardan', '/images/umamusume/107101.png', true, true, 107101, 107101, 107101),
    (107102, 'Neige Émeraude', 'Mejiro Ardan', '/images/umamusume/107102.png', false, true, 107102, 107102, 107102),
    (107201, 'Attack of the Four White Meteors', 'Yaeno Muteki', '/images/umamusume/107201.png', true, true, 107201, 107201, 107201),
    (107301, '', '', '/images/umamusume/107301.png', false, false, 107301, 107301, 107301),
    (107401, 'Brunissage Line', 'Mejiro Bright', '/images/umamusume/107401.png', true, true, 107401, 107401, 107401),
    (107402, 'Starry Snow Lolita', 'Mejiro Bright', '/images/umamusume/107402.png', false, false, 107402, 107402, 107402),
    (107501, '', '', '/images/umamusume/107501.png', false, false, 107501, 107501, 107501),
    (107601, 'Saisir le Rêve', 'Sakura Laurel', '/images/umamusume/107601.png', false, false, 107601, 107601, 107601),
    (107701, 'The Proud Road', 'Narita Top Road', '/images/umamusume/107701.png', false, false, 107701, 107701, 107701),
    (107801, 'Fluttertail Spirit', 'Yamanin Zephyr', '/images/umamusume/107801.png', false, false, 107801, 107801, 107801),
    (107901, '', '', '/images/umamusume/107901.png', false, false, 107901, 107901, 107901),
    (108001, '', '', '/images/umamusume/108001.png', false, false, 108001, 108001, 108001),
    (108101, '', '', '/images/umamusume/108101.png', false, false, 108101, 108101, 108101),
    (108201, '', '', '/images/umamusume/108201.png', false, false, 108201, 108201, 108201),
    (108301, 'Onyx Soldier', 'Symboli Kris S', '/images/umamusume/108301.png', false, true, 108301, 108301, 108301),
    (108302, 'Jetblack Automaton', 'Symboli Kris S', '/images/umamusume/108302.png', false, true, 108302, 108302, 108302),
    (108401, 'Embodiment of Keravnos', 'Tanino Gimlet', '/images/umamusume/108401.png', false, true, 108401, 108401, 108401),
    (108501, 'Brilliant Red Gemstone', 'Daiichi Ruby', '/images/umamusume/108501.png', false, true, 108501, 108501, 108501),
    (108601, 'Onyx Line', 'Mejiro Ramonu', '/images/umamusume/108601.png', false, true, 108601, 108601, 108601),
    (108701, 'Flare', 'Aston Machan', '/images/umamusume/108701.png', false, true, 108701, 108701, 108701),
    (108801, 'Emerald Journey', 'Satono Crown', '/images/umamusume/108801.png', false, false, 108801, 108801, 108801),
    (108901, 'Grand Itinéraire', 'Cheval Grand', '/images/umamusume/108901.png', false, false, 108901, 108901, 108901),
    (109001, '', '', '/images/umamusume/109001.png', false, false, 109001, 109001, 109001),
    (109101, 'Voyage Étincelant', 'Vivlos', '/images/umamusume/109101.png', false, false, 109101, 109101, 109101),
    (109201, '', '', '/images/umamusume/109201.png', false, false, 109201, 109201, 109201),
    (109301, 'Prism', 'K.S.Miracle', '/images/umamusume/109301.png', false, true, 109301, 109301, 109301),
    (109401, '', '', '/images/umamusume/109401.png', false, false, 109401, 109401, 109401),
    (109501, '', '', '/images/umamusume/109501.png', false, false, 109501, 109501, 109501),
    (109601, '', '', '/images/umamusume/109501.png', false, false, 109601, 109601, 109601),
    (109701, '', '', '/images/umamusume/109701.png', false, false, 109701, 109701, 109701),
    (109801, 'Yin-yang Bagua ☆ Lucky Costume', 'Copano Rickey', '/images/umamusume/109801.png', false, true, 109801, 109801, 109801),
    (109901, 'Star・Light・Ship', 'Hokko Tarumae', '/images/umamusume/109901.png', false, true, 109901, 109901, 109901),
    (110001, 'Butterfly Sting', 'Wonder Acute', '/images/umamusume/110001.png', false, true, 110001, 110001, 110001),
    (110101, '', '', '/images/umamusume/110101.png', false, false, 110101, 110101, 110101),
    (110201, '', '', '/images/umamusume/110201.png', false, false, 110201, 110201, 110201),
    (110301, '', '', '/images/umamusume/110301.png', false, false, 110301, 110301, 110301),
    (110401, 'Dragon Rising to the Top', 'Katsuragi Ace', '/images/umamusume/110401.png', false, true, 110401, 110401, 110401),
    (110501, 'Universe-Naut', 'Neo Universe', '/images/umamusume/110501.png', false, true, 110501, 110501, 110501),
    (110601, 'Miracle Make-up!', 'Hishi Miracle', '/images/umamusume/110601.png', false, true, 110601, 110601, 110601),
    (110701, 'GLITTER!', 'Tap Dance City', '/images/umamusume/110701.png', false, true, 110701, 110701, 110701),
    (110801, 'Red in Black', 'Duramente', '/images/umamusume/110801.png', false, false, 110801, 110801, 110801),
    (110901, '', '', '/images/umamusume/110901.png', false, false, 110901, 110901, 110901);