insert into surface(id, turf, dirt)
values
    (100101, 'A', 'G'),
    (100102, 'A', 'G'),
    (100103, 'A', 'G'),
    (100201, 'A', 'G'),
    (100202, 'A', 'G'),
    (100301, 'A', 'G'),
    (100302, 'A', 'G'),
    (100401, 'A', 'G'),
    (100402, 'A', 'G'),
    (100501, 'A', 'G'),
    (100502, 'A', 'G'),
    (100601, 'A', 'G'),
    (100602, 'A', 'G'),
    (100701, 'A', 'G'),
    (100702, 'A', 'G'),
    (100703, 'A', 'G'),
    (100801, 'A', 'G'),
    (100802, 'A', 'G'),
    (100901, 'A', 'G'),
    (100902, 'A', 'G'),
    (101001, 'A', 'G'),
    (101002, 'A', 'G'),
    (101101, 'A', 'G'),
    (101102, 'A', 'G'),
    (101201, 'A', 'G'),
    (101202, 'A', 'G'),
    (101301, 'A', 'G'),
    (101302, 'A', 'G'),
    (101303, 'A', 'G'),
    (101401, 'A', 'G'),
    (101402, 'A', 'G'),
    (101501, 'A', 'G'),
    (101502, 'A', 'G'),
    (101601, 'A', 'G'),
    (101602, 'A', 'G'),
    (101701, 'A', 'G'),
    (101702, 'A', 'G'),
    (101801, 'A', 'G'),
    (101802, 'A', 'G'),
    (101901, 'A', 'G'),
    (101902, 'A', 'G'),
    (102001, 'A', 'G'),
    (102002, 'A', 'G'),
    (102101, 'A', 'G'),
    (102102, 'A', 'G'),
    (102201, 'A', 'G'),
    (102202, 'A', 'G'),
    (102301, 'A', 'G'),
    (102302, 'A', 'G'),
    (102401, 'A', 'G'),
    (102402, 'A', 'G'),
    (102501, 'A', 'G'),
    (102502, 'A', 'G'),
    (102601, 'A', 'G'),
    (102602, 'A', 'G'),
    (102701, 'A', 'G'),
    (102702, 'A', 'G'),
    (102801, 'A', 'G'),
    (102901, 'A', 'G'),
    (103001, 'A', 'G'),
    (103002, 'A', 'G'),
    (103101, 'A', 'G'),
    (103102, 'A', 'G'),
    (103201, 'A', 'G'),
    (103202, 'A', 'G'),
    (103301, 'A', 'G'),
    (103401, 'A', 'G'),
    (103402, 'A', 'G'),
    (103501, 'A', 'G'),
    (103502, 'A', 'G'),
    (103601, 'A', 'G'),
    (103602, 'A', 'G'),
    (103701, 'A', 'G'),
    (103702, 'A', 'G'),
    (103801, 'A', 'G'),
    (103802, 'A', 'G'),
    (103901, 'A', 'G'),
    (103902, 'A', 'G'),
    (104001, 'A', 'G'),
    (104002, 'A', 'G'),
    (104101, 'A', 'G'),
    (104102, 'A', 'G'),
    (104201, 'A', 'G'),
    (104301, 'A', 'G'),
    (104401, 'A', 'G'),
    (104501, 'A', 'G'),
    (104502, 'A', 'G'),
    (104601, 'A', 'G'),
    (104602, 'A', 'G'),
    (104701, 'A', 'G'),
    (104702, 'A', 'G'),
    (104801, 'A', 'G'),
    (104901, 'A', 'G'),
    (105001, 'A', 'G'),
    (105101, 'A', 'G'),
    (105201, 'A', 'G'),
    (105301, 'A', 'G'),
    (105401, 'A', 'G'),
    (105501, 'A', 'G'),
    (105601, 'A', 'G'),
    (105701, 'A', 'G'),
    (105801, 'A', 'G'),
    (105901, 'A', 'G'),
    (106001, 'A', 'G'),
    (106101, 'A', 'G'),
    (106201, 'A', 'G'),
    (106301, 'A', 'G'),
    (106401, 'A', 'G'),
    (106501, 'A', 'G'),
    (106601, 'A', 'G'),
    (106701, 'A', 'G'),
    (106801, 'A', 'G'),
    (106901, 'A', 'G'),
    (107001, 'A', 'G'),
    (107101, 'A', 'G'),
    (107201, 'A', 'G'),
    (107301, 'A', 'G'),
    (107401, 'A', 'G'),
    (107501, 'A', 'G'),
    (107601, 'A', 'G'),
    (107701, 'A', 'G'),
    (107801, 'A', 'G'),
    (107901, 'A', 'G'),
    (108001, 'A', 'G'),
    (108101, 'A', 'G'),
    (108201, 'A', 'G'),
    (108301, 'A', 'G'),
    (108401, 'A', 'G'),
    (108501, 'A', 'G'),
    (108601, 'A', 'G'),
    (108701, 'A', 'G'),
    (108801, 'A', 'G'),
    (108901, 'A', 'G'),
    (109001, 'A', 'G'),
    (109101, 'A', 'G'),
    (109201, 'A', 'G'),
    (109301, 'A', 'G'),
    (109401, 'A', 'G'),
    (109501, 'A', 'G'),
    (109601, 'A', 'G'),
    (109701, 'A', 'G'),
    (109801, 'A', 'G'),
    (109901, 'A', 'G'),
    (110001, 'A', 'G'),
    (110101, 'A', 'G'),
    (110201, 'A', 'G'),
    (110301, 'A', 'G'),
    (110401, 'A', 'G'),
    (110501, 'A', 'G'),
    (110601, 'A', 'G'),
    (110701, 'A', 'G'),
    (110801, 'A', 'G'),
    (110901, 'A', 'G');

insert into distance(id, short, mile, medium, long)
values
    (100101, 'F', 'C', 'A', 'A'),
    (100102, 'A', 'G', 'A', 'C'),
    (100103, 'A', 'G', 'A', 'C'),
    (100201, 'A', 'G', 'A', 'C'),
    (100202, 'A', 'G', 'A', 'C'),
    (100301, 'A', 'G', 'A', 'C'),
    (100302, 'A', 'G', 'A', 'C'),
    (100401, 'A', 'G', 'A', 'C'),
    (100402, 'A', 'G', 'A', 'C'),
    (100501, 'A', 'G', 'A', 'C'),
    (100502, 'A', 'G', 'A', 'C'),
    (100601, 'A', 'G', 'A', 'C'),
    (100602, 'A', 'G', 'A', 'C'),
    (100701, 'A', 'G', 'A', 'C'),
    (100702, 'A', 'G', 'A', 'C'),
    (100703, 'A', 'G', 'A', 'C'),
    (100801, 'A', 'G', 'A', 'C'),
    (100802, 'A', 'G', 'A', 'C'),
    (100901, 'A', 'G', 'A', 'C'),
    (100902, 'A', 'G', 'A', 'C'),
    (101001, 'A', 'G', 'A', 'C'),
    (101002, 'A', 'G', 'A', 'C'),
    (101101, 'A', 'G', 'A', 'C'),
    (101102, 'A', 'G', 'A', 'C'),
    (101201, 'A', 'G', 'A', 'C'),
    (101202, 'A', 'G', 'A', 'C'),
    (101301, 'A', 'G', 'A', 'C'),
    (101302, 'A', 'G', 'A', 'C'),
    (101303, 'A', 'G', 'A', 'C'),
    (101401, 'A', 'G', 'A', 'C'),
    (101402, 'A', 'G', 'A', 'C'),
    (101501, 'A', 'G', 'A', 'C'),
    (101502, 'A', 'G', 'A', 'C'),
    (101601, 'A', 'G', 'A', 'C'),
    (101602, 'A', 'G', 'A', 'C'),
    (101701, 'A', 'G', 'A', 'C'),
    (101702, 'A', 'G', 'A', 'C'),
    (101801, 'A', 'G', 'A', 'C'),
    (101802, 'A', 'G', 'A', 'C'),
    (101901, 'A', 'G', 'A', 'C'),
    (101902, 'A', 'G', 'A', 'C'),
    (102001, 'A', 'G', 'A', 'C'),
    (102002, 'A', 'G', 'A', 'C'),
    (102101, 'A', 'G', 'A', 'C'),
    (102102, 'A', 'G', 'A', 'C'),
    (102201, 'A', 'G', 'A', 'C'),
    (102202, 'A', 'G', 'A', 'C'),
    (102301, 'A', 'G', 'A', 'C'),
    (102302, 'A', 'G', 'A', 'C'),
    (102401, 'A', 'G', 'A', 'C'),
    (102402, 'A', 'G', 'A', 'C'),
    (102501, 'A', 'G', 'A', 'C'),
    (102502, 'A', 'G', 'A', 'C'),
    (102601, 'A', 'G', 'A', 'C'),
    (102602, 'A', 'G', 'A', 'C'),
    (102701, 'A', 'G', 'A', 'C'),
    (102702, 'A', 'G', 'A', 'C'),
    (102801, 'A', 'G', 'A', 'C'),
    (102901, 'A', 'G', 'A', 'C'),
    (103001, 'A', 'G', 'A', 'C'),
    (103002, 'A', 'G', 'A', 'C'),
    (103101, 'A', 'G', 'A', 'C'),
    (103102, 'A', 'G', 'A', 'C'),
    (103201, 'A', 'G', 'A', 'C'),
    (103202, 'A', 'G', 'A', 'C'),
    (103301, 'A', 'G', 'A', 'C'),
    (103401, 'A', 'G', 'A', 'C'),
    (103402, 'A', 'G', 'A', 'C'),
    (103501, 'A', 'G', 'A', 'C'),
    (103502, 'A', 'G', 'A', 'C'),
    (103601, 'A', 'G', 'A', 'C'),
    (103602, 'A', 'G', 'A', 'C'),
    (103701, 'A', 'G', 'A', 'C'),
    (103702, 'A', 'G', 'A', 'C'),
    (103801, 'A', 'G', 'A', 'C'),
    (103802, 'A', 'G', 'A', 'C'),
    (103901, 'A', 'G', 'A', 'C'),
    (103902, 'A', 'G', 'A', 'C'),
    (104001, 'A', 'G', 'A', 'C'),
    (104002, 'A', 'G', 'A', 'C'),
    (104101, 'A', 'G', 'A', 'C'),
    (104102, 'A', 'G', 'A', 'C'),
    (104201, 'A', 'G', 'A', 'C'),
    (104301, 'A', 'G', 'A', 'C'),
    (104401, 'A', 'G', 'A', 'C'),
    (104501, 'A', 'G', 'A', 'C'),
    (104502, 'A', 'G', 'A', 'C'),
    (104601, 'A', 'G', 'A', 'C'),
    (104602, 'A', 'G', 'A', 'C'),
    (104701, 'A', 'G', 'A', 'C'),
    (104702, 'A', 'G', 'A', 'C'),
    (104801, 'A', 'G', 'A', 'C'),
    (104901, 'A', 'G', 'A', 'C'),
    (105001, 'A', 'G', 'A', 'C'),
    (105101, 'A', 'G', 'A', 'C'),
    (105201, 'A', 'G', 'A', 'C'),
    (105301, 'A', 'G', 'A', 'C'),
    (105401, 'A', 'G', 'A', 'C'),
    (105501, 'A', 'G', 'A', 'C'),
    (105601, 'A', 'G', 'A', 'C'),
    (105701, 'A', 'G', 'A', 'C'),
    (105801, 'A', 'G', 'A', 'C'),
    (105901, 'A', 'G', 'A', 'C'),
    (106001, 'A', 'G', 'A', 'C'),
    (106101, 'A', 'G', 'A', 'C'),
    (106201, 'A', 'G', 'A', 'C'),
    (106301, 'A', 'G', 'A', 'C'),
    (106401, 'A', 'G', 'A', 'C'),
    (106501, 'A', 'G', 'A', 'C'),
    (106601, 'A', 'G', 'A', 'C'),
    (106701, 'A', 'G', 'A', 'C'),
    (106801, 'A', 'G', 'A', 'C'),
    (106901, 'A', 'G', 'A', 'C'),
    (107001, 'A', 'G', 'A', 'C'),
    (107101, 'A', 'G', 'A', 'C'),
    (107201, 'A', 'G', 'A', 'C'),
    (107301, 'A', 'G', 'A', 'C'),
    (107401, 'A', 'G', 'A', 'C'),
    (107501, 'A', 'G', 'A', 'C'),
    (107601, 'A', 'G', 'A', 'C'),
    (107701, 'A', 'G', 'A', 'C'),
    (107801, 'A', 'G', 'A', 'C'),
    (107901, 'A', 'G', 'A', 'C'),
    (108001, 'A', 'G', 'A', 'C'),
    (108101, 'A', 'G', 'A', 'C'),
    (108201, 'A', 'G', 'A', 'C'),
    (108301, 'A', 'G', 'A', 'C'),
    (108401, 'A', 'G', 'A', 'C'),
    (108501, 'A', 'G', 'A', 'C'),
    (108601, 'A', 'G', 'A', 'C'),
    (108701, 'A', 'G', 'A', 'C'),
    (108801, 'A', 'G', 'A', 'C'),
    (108901, 'A', 'G', 'A', 'C'),
    (109001, 'A', 'G', 'A', 'C'),
    (109101, 'A', 'G', 'A', 'C'),
    (109201, 'A', 'G', 'A', 'C'),
    (109301, 'A', 'G', 'A', 'C'),
    (109401, 'A', 'G', 'A', 'C'),
    (109501, 'A', 'G', 'A', 'C'),
    (109601, 'A', 'G', 'A', 'C'),
    (109701, 'A', 'G', 'A', 'C'),
    (109801, 'A', 'G', 'A', 'C'),
    (109901, 'A', 'G', 'A', 'C'),
    (110001, 'A', 'G', 'A', 'C'),
    (110101, 'A', 'G', 'A', 'C'),
    (110201, 'A', 'G', 'A', 'C'),
    (110301, 'A', 'G', 'A', 'C'),
    (110401, 'A', 'G', 'A', 'C'),
    (110501, 'A', 'G', 'A', 'C'),
    (110601, 'A', 'G', 'A', 'C'),
    (110701, 'A', 'G', 'A', 'C'),
    (110801, 'A', 'G', 'A', 'C'),
    (110901, 'A', 'G', 'A', 'C');

insert into strategy(id, runner, leader, betweener, chaser)
values
    (100101, 'G', 'A', 'A', 'C'),
    (100102, 'A', 'G', 'A', 'C'),
    (100103, 'A', 'G', 'A', 'C'),
    (100201, 'A', 'G', 'A', 'C'),
    (100202, 'A', 'G', 'A', 'C'),
    (100301, 'A', 'G', 'A', 'C'),
    (100302, 'A', 'G', 'A', 'C'),
    (100401, 'A', 'G', 'A', 'C'),
    (100402, 'A', 'G', 'A', 'C'),
    (100501, 'A', 'G', 'A', 'C'),
    (100502, 'A', 'G', 'A', 'C'),
    (100601, 'A', 'G', 'A', 'C'),
    (100602, 'A', 'G', 'A', 'C'),
    (100701, 'A', 'G', 'A', 'C'),
    (100702, 'A', 'G', 'A', 'C'),
    (100703, 'A', 'G', 'A', 'C'),
    (100801, 'A', 'G', 'A', 'C'),
    (100802, 'A', 'G', 'A', 'C'),
    (100901, 'A', 'G', 'A', 'C'),
    (100902, 'A', 'G', 'A', 'C'),
    (101001, 'A', 'G', 'A', 'C'),
    (101002, 'A', 'G', 'A', 'C'),
    (101101, 'A', 'G', 'A', 'C'),
    (101102, 'A', 'G', 'A', 'C'),
    (101201, 'A', 'G', 'A', 'C'),
    (101202, 'A', 'G', 'A', 'C'),
    (101301, 'A', 'G', 'A', 'C'),
    (101302, 'A', 'G', 'A', 'C'),
    (101303, 'A', 'G', 'A', 'C'),
    (101401, 'A', 'G', 'A', 'C'),
    (101402, 'A', 'G', 'A', 'C'),
    (101501, 'A', 'G', 'A', 'C'),
    (101502, 'A', 'G', 'A', 'C'),
    (101601, 'A', 'G', 'A', 'C'),
    (101602, 'A', 'G', 'A', 'C'),
    (101701, 'A', 'G', 'A', 'C'),
    (101702, 'A', 'G', 'A', 'C'),
    (101801, 'A', 'G', 'A', 'C'),
    (101802, 'A', 'G', 'A', 'C'),
    (101901, 'A', 'G', 'A', 'C'),
    (101902, 'A', 'G', 'A', 'C'),
    (102001, 'A', 'G', 'A', 'C'),
    (102002, 'A', 'G', 'A', 'C'),
    (102101, 'A', 'G', 'A', 'C'),
    (102102, 'A', 'G', 'A', 'C'),
    (102201, 'A', 'G', 'A', 'C'),
    (102202, 'A', 'G', 'A', 'C'),
    (102301, 'A', 'G', 'A', 'C'),
    (102302, 'A', 'G', 'A', 'C'),
    (102401, 'A', 'G', 'A', 'C'),
    (102402, 'A', 'G', 'A', 'C'),
    (102501, 'A', 'G', 'A', 'C'),
    (102502, 'A', 'G', 'A', 'C'),
    (102601, 'A', 'G', 'A', 'C'),
    (102602, 'A', 'G', 'A', 'C'),
    (102701, 'A', 'G', 'A', 'C'),
    (102702, 'A', 'G', 'A', 'C'),
    (102801, 'A', 'G', 'A', 'C'),
    (102901, 'A', 'G', 'A', 'C'),
    (103001, 'A', 'G', 'A', 'C'),
    (103002, 'A', 'G', 'A', 'C'),
    (103101, 'A', 'G', 'A', 'C'),
    (103102, 'A', 'G', 'A', 'C'),
    (103201, 'A', 'G', 'A', 'C'),
    (103202, 'A', 'G', 'A', 'C'),
    (103301, 'A', 'G', 'A', 'C'),
    (103401, 'A', 'G', 'A', 'C'),
    (103402, 'A', 'G', 'A', 'C'),
    (103501, 'A', 'G', 'A', 'C'),
    (103502, 'A', 'G', 'A', 'C'),
    (103601, 'A', 'G', 'A', 'C'),
    (103602, 'A', 'G', 'A', 'C'),
    (103701, 'A', 'G', 'A', 'C'),
    (103702, 'A', 'G', 'A', 'C'),
    (103801, 'A', 'G', 'A', 'C'),
    (103802, 'A', 'G', 'A', 'C'),
    (103901, 'A', 'G', 'A', 'C'),
    (103902, 'A', 'G', 'A', 'C'),
    (104001, 'A', 'G', 'A', 'C'),
    (104002, 'A', 'G', 'A', 'C'),
    (104101, 'A', 'G', 'A', 'C'),
    (104102, 'A', 'G', 'A', 'C'),
    (104201, 'A', 'G', 'A', 'C'),
    (104301, 'A', 'G', 'A', 'C'),
    (104401, 'A', 'G', 'A', 'C'),
    (104501, 'A', 'G', 'A', 'C'),
    (104502, 'A', 'G', 'A', 'C'),
    (104601, 'A', 'G', 'A', 'C'),
    (104602, 'A', 'G', 'A', 'C'),
    (104701, 'A', 'G', 'A', 'C'),
    (104702, 'A', 'G', 'A', 'C'),
    (104801, 'A', 'G', 'A', 'C'),
    (104901, 'A', 'G', 'A', 'C'),
    (105001, 'A', 'G', 'A', 'C'),
    (105101, 'A', 'G', 'A', 'C'),
    (105201, 'A', 'G', 'A', 'C'),
    (105301, 'A', 'G', 'A', 'C'),
    (105401, 'A', 'G', 'A', 'C'),
    (105501, 'A', 'G', 'A', 'C'),
    (105601, 'A', 'G', 'A', 'C'),
    (105701, 'A', 'G', 'A', 'C'),
    (105801, 'A', 'G', 'A', 'C'),
    (105901, 'A', 'G', 'A', 'C'),
    (106001, 'A', 'G', 'A', 'C'),
    (106101, 'A', 'G', 'A', 'C'),
    (106201, 'A', 'G', 'A', 'C'),
    (106301, 'A', 'G', 'A', 'C'),
    (106401, 'A', 'G', 'A', 'C'),
    (106501, 'A', 'G', 'A', 'C'),
    (106601, 'A', 'G', 'A', 'C'),
    (106701, 'A', 'G', 'A', 'C'),
    (106801, 'A', 'G', 'A', 'C'),
    (106901, 'A', 'G', 'A', 'C'),
    (107001, 'A', 'G', 'A', 'C'),
    (107101, 'A', 'G', 'A', 'C'),
    (107201, 'A', 'G', 'A', 'C'),
    (107301, 'A', 'G', 'A', 'C'),
    (107401, 'A', 'G', 'A', 'C'),
    (107501, 'A', 'G', 'A', 'C'),
    (107601, 'A', 'G', 'A', 'C'),
    (107701, 'A', 'G', 'A', 'C'),
    (107801, 'A', 'G', 'A', 'C'),
    (107901, 'A', 'G', 'A', 'C'),
    (108001, 'A', 'G', 'A', 'C'),
    (108101, 'A', 'G', 'A', 'C'),
    (108201, 'A', 'G', 'A', 'C'),
    (108301, 'A', 'G', 'A', 'C'),
    (108401, 'A', 'G', 'A', 'C'),
    (108501, 'A', 'G', 'A', 'C'),
    (108601, 'A', 'G', 'A', 'C'),
    (108701, 'A', 'G', 'A', 'C'),
    (108801, 'A', 'G', 'A', 'C'),
    (108901, 'A', 'G', 'A', 'C'),
    (109001, 'A', 'G', 'A', 'C'),
    (109101, 'A', 'G', 'A', 'C'),
    (109201, 'A', 'G', 'A', 'C'),
    (109301, 'A', 'G', 'A', 'C'),
    (109401, 'A', 'G', 'A', 'C'),
    (109501, 'A', 'G', 'A', 'C'),
    (109601, 'A', 'G', 'A', 'C'),
    (109701, 'A', 'G', 'A', 'C'),
    (109801, 'A', 'G', 'A', 'C'),
    (109901, 'A', 'G', 'A', 'C'),
    (110001, 'A', 'G', 'A', 'C'),
    (110101, 'A', 'G', 'A', 'C'),
    (110201, 'A', 'G', 'A', 'C'),
    (110301, 'A', 'G', 'A', 'C'),
    (110401, 'A', 'G', 'A', 'C'),
    (110501, 'A', 'G', 'A', 'C'),
    (110601, 'A', 'G', 'A', 'C'),
    (110701, 'A', 'G', 'A', 'C'),
    (110801, 'A', 'G', 'A', 'C'),
    (110901, 'A', 'G', 'A', 'C');

insert into umamusume(id, title, name, image, surface_id, distance_id, strategy_id)
values
    (100101, 'Special Dreamer', 'Special Week', '/images/umamusume/100101.png', 100101, 100101, 100101),
    (100102, 'Special Dreamer', 'Special Week', '/images/umamusume/100102.png', 100102, 100102, 100102),
    (100103, 'Special Dreamer', 'Special Week', '/images/umamusume/100103.png', 100103, 100103, 100103),
    (100201, 'Special Dreamer', 'Special Week', '/images/umamusume/100201.png', 100201, 100201, 100201),
    (100202, 'Special Dreamer', 'Special Week', '/images/umamusume/100202.png', 100202, 100202, 100202),
    (100301, 'Special Dreamer', 'Special Week', '/images/umamusume/100301.png', 100301, 100301, 100301),
    (100302, 'Special Dreamer', 'Special Week', '/images/umamusume/100302.png', 100302, 100302, 100302),
    (100401, 'Special Dreamer', 'Special Week', '/images/umamusume/100401.png', 100401, 100401, 100401),
    (100402, 'Special Dreamer', 'Special Week', '/images/umamusume/100402.png', 100402, 100402, 100402),
    (100501, 'Special Dreamer', 'Special Week', '/images/umamusume/100501.png', 100501, 100501, 100501),
    (100502, 'Special Dreamer', 'Special Week', '/images/umamusume/100502.png', 100502, 100502, 100502),
    (100601, 'Special Dreamer', 'Special Week', '/images/umamusume/100601.png', 100601, 100601, 100601),
    (100602, 'Special Dreamer', 'Special Week', '/images/umamusume/100101.png', 100602, 100602, 100602),
    (100701, 'Special Dreamer', 'Special Week', '/images/umamusume/100701.png', 100701, 100701, 100701),
    (100702, 'Special Dreamer', 'Special Week', '/images/umamusume/100702.png', 100702, 100702, 100702),
    (100703, 'Special Dreamer', 'Special Week', '/images/umamusume/100703.png', 100703, 100703, 100703),
    (100801, 'Special Dreamer', 'Special Week', '/images/umamusume/100801.png', 100801, 100801, 100801),
    (100802, 'Special Dreamer', 'Special Week', '/images/umamusume/100802.png', 100802, 100802, 100802),
    (100901, 'Special Dreamer', 'Special Week', '/images/umamusume/100901.png', 100901, 100901, 100901),
    (100902, 'Special Dreamer', 'Special Week', '/images/umamusume/100902.png', 100902, 100902, 100902),
    (101001, 'Special Dreamer', 'Special Week', '/images/umamusume/101001.png', 101001, 101001, 101001),
    (101002, 'Special Dreamer', 'Special Week', '/images/umamusume/101002.png', 101002, 101002, 101002),
    (101101, 'Special Dreamer', 'Special Week', '/images/umamusume/101101.png', 101101, 101101, 101101),
    (101102, 'Special Dreamer', 'Special Week', '/images/umamusume/101102.png', 101102, 101102, 101102),
    (101201, 'Special Dreamer', 'Special Week', '/images/umamusume/101201.png', 101201, 101201, 101201),
    (101202, 'Special Dreamer', 'Special Week', '/images/umamusume/101202.png', 101202, 101202, 101202),
    (101301, 'Special Dreamer', 'Special Week', '/images/umamusume/101301.png', 101301, 101301, 101301),
    (101302, 'Special Dreamer', 'Special Week', '/images/umamusume/101302.png', 101302, 101302, 101302),
    (101303, 'Special Dreamer', 'Special Week', '/images/umamusume/101303.png', 101303, 101303, 101303),
    (101401, 'Special Dreamer', 'Special Week', '/images/umamusume/101401.png', 101401, 101401, 101401),
    (101402, 'Special Dreamer', 'Special Week', '/images/umamusume/101402.png', 101402, 101402, 101402),
    (101501, 'Special Dreamer', 'Special Week', '/images/umamusume/101501.png', 101501, 101501, 101501),
    (101502, 'Special Dreamer', 'Special Week', '/images/umamusume/101502.png', 101502, 101502, 101502),
    (101601, 'Special Dreamer', 'Special Week', '/images/umamusume/101601.png', 101601, 101601, 101601),
    (101602, 'Special Dreamer', 'Special Week', '/images/umamusume/101602.png', 101602, 101602, 101602),
    (101701, 'Special Dreamer', 'Special Week', '/images/umamusume/101701.png', 101701, 101701, 101701),
    (101702, 'Special Dreamer', 'Special Week', '/images/umamusume/101702.png', 101702, 101702, 101702),
    (101801, 'Special Dreamer', 'Special Week', '/images/umamusume/101801.png', 101801, 101801, 101801),
    (101802, 'Special Dreamer', 'Special Week', '/images/umamusume/101802.png', 101802, 101802, 101802),
    (101901, 'Special Dreamer', 'Special Week', '/images/umamusume/101901.png', 101901, 101901, 101901),
    (101902, 'Special Dreamer', 'Special Week', '/images/umamusume/101902.png', 101902, 101902, 101902),
    (102001, 'Special Dreamer', 'Special Week', '/images/umamusume/102001.png', 102001, 102001, 102001),
    (102002, 'Special Dreamer', 'Special Week', '/images/umamusume/102002.png', 102002, 102002, 102002),
    (102101, 'Special Dreamer', 'Special Week', '/images/umamusume/102101.png', 102101, 102101, 102101),
    (102102, 'Special Dreamer', 'Special Week', '/images/umamusume/102102.png', 102102, 102102, 102102),
    (102201, 'Special Dreamer', 'Special Week', '/images/umamusume/102201.png', 102201, 102201, 102201),
    (102202, 'Special Dreamer', 'Special Week', '/images/umamusume/102202.png', 102202, 102202, 102202),
    (102301, 'Special Dreamer', 'Special Week', '/images/umamusume/102301.png', 102301, 102301, 102301),
    (102302, 'Special Dreamer', 'Special Week', '/images/umamusume/102302.png', 102302, 102302, 102302),
    (102401, 'Special Dreamer', 'Special Week', '/images/umamusume/102401.png', 102401, 102401, 102401),
    (102402, 'Special Dreamer', 'Special Week', '/images/umamusume/102402.png', 102402, 102402, 102402),
    (102501, 'Special Dreamer', 'Special Week', '/images/umamusume/102501.png', 102501, 102501, 102501),
    (102502, 'Special Dreamer', 'Special Week', '/images/umamusume/102502.png', 102502, 102502, 102502),
    (102601, 'Special Dreamer', 'Special Week', '/images/umamusume/102601.png', 102601, 102601, 102601),
    (102602, 'Special Dreamer', 'Special Week', '/images/umamusume/102602.png', 102602, 102602, 102602),
    (102701, 'Special Dreamer', 'Special Week', '/images/umamusume/102701.png', 102701, 102701, 102701),
    (102702, 'Special Dreamer', 'Special Week', '/images/umamusume/102702.png', 102702, 102702, 102702),
    (102801, 'Special Dreamer', 'Special Week', '/images/umamusume/102801.png', 102801, 102801, 102801),
    (102901, 'Special Dreamer', 'Special Week', '/images/umamusume/102901.png', 102901, 102901, 102901),
    (103001, 'Special Dreamer', 'Special Week', '/images/umamusume/103001.png', 103001, 103001, 103001),
    (103002, 'Special Dreamer', 'Special Week', '/images/umamusume/103002.png', 103002, 103002, 103002),
    (103101, 'Special Dreamer', 'Special Week', '/images/umamusume/103101.png', 103101, 103101, 103101),
    (103102, 'Special Dreamer', 'Special Week', '/images/umamusume/103102.png', 103102, 103102, 103102),
    (103201, 'Special Dreamer', 'Special Week', '/images/umamusume/103201.png', 103201, 103201, 103201),
    (103202, 'Special Dreamer', 'Special Week', '/images/umamusume/103202.png', 103202, 103202, 103202),
    (103301, 'Special Dreamer', 'Special Week', '/images/umamusume/103301.png', 103301, 103301, 103301),
    (103401, 'Special Dreamer', 'Special Week', '/images/umamusume/103401.png', 103401, 103401, 103401),
    (103402, 'Special Dreamer', 'Special Week', '/images/umamusume/103402.png', 103402, 103402, 103402),
    (103501, 'Special Dreamer', 'Special Week', '/images/umamusume/103501.png', 103501, 103501, 103501),
    (103502, 'Special Dreamer', 'Special Week', '/images/umamusume/103502.png', 103502, 103502, 103502),
    (103601, 'Special Dreamer', 'Special Week', '/images/umamusume/103601.png', 103601, 103601, 103601),
    (103602, 'Special Dreamer', 'Special Week', '/images/umamusume/103602.png', 103602, 103602, 103602),
    (103701, 'Special Dreamer', 'Special Week', '/images/umamusume/103701.png', 103701, 103701, 103701),
    (103702, 'Special Dreamer', 'Special Week', '/images/umamusume/103702.png', 103702, 103702, 103702),
    (103801, 'Special Dreamer', 'Special Week', '/images/umamusume/103801.png', 103801, 103801, 103801),
    (103802, 'Special Dreamer', 'Special Week', '/images/umamusume/103802.png', 103802, 103802, 103802),
    (103901, 'Special Dreamer', 'Special Week', '/images/umamusume/103901.png', 103901, 103901, 103901),
    (103902, 'Special Dreamer', 'Special Week', '/images/umamusume/103902.png', 103902, 103902, 103902),
    (104001, 'Special Dreamer', 'Special Week', '/images/umamusume/104001.png', 104001, 104001, 104001),
    (104002, 'Special Dreamer', 'Special Week', '/images/umamusume/104002.png', 104002, 104002, 104002),
    (104101, 'Special Dreamer', 'Special Week', '/images/umamusume/104101.png', 104101, 104101, 104101),
    (104102, 'Special Dreamer', 'Special Week', '/images/umamusume/104102.png', 104102, 104102, 104102),
    (104201, 'Special Dreamer', 'Special Week', '/images/umamusume/104201.png', 104201, 104201, 104201),
    (104301, 'Special Dreamer', 'Special Week', '/images/umamusume/104301.png', 104301, 104301, 104301),
    (104401, 'Special Dreamer', 'Special Week', '/images/umamusume/104401.png', 104401, 104401, 104401),
    (104501, 'Special Dreamer', 'Special Week', '/images/umamusume/104501.png', 104501, 104501, 104501),
    (104502, 'Special Dreamer', 'Special Week', '/images/umamusume/104502.png', 104502, 104502, 104502),
    (104601, 'Special Dreamer', 'Special Week', '/images/umamusume/104601.png', 104601, 104601, 104601),
    (104602, 'Special Dreamer', 'Special Week', '/images/umamusume/104602.png', 104602, 104602, 104602),
    (104701, 'Special Dreamer', 'Special Week', '/images/umamusume/104701.png', 104701, 104701, 104701),
    (104702, 'Special Dreamer', 'Special Week', '/images/umamusume/104702.png', 104702, 104702, 104702),
    (104801, 'Special Dreamer', 'Special Week', '/images/umamusume/104801.png', 104801, 104801, 104801),
    (104901, 'Special Dreamer', 'Special Week', '/images/umamusume/104901.png', 104901, 104901, 104901),
    (105001, 'Special Dreamer', 'Special Week', '/images/umamusume/105001.png', 105001, 105001, 105001),
    (105101, 'Special Dreamer', 'Special Week', '/images/umamusume/105101.png', 105101, 105101, 105101),
    (105201, 'Special Dreamer', 'Special Week', '/images/umamusume/105201.png', 105201, 105201, 105201),
    (105301, 'Special Dreamer', 'Special Week', '/images/umamusume/105301.png', 105301, 105301, 105301),
    (105401, 'Special Dreamer', 'Special Week', '/images/umamusume/105401.png', 105401, 105401, 105401),
    (105501, 'Special Dreamer', 'Special Week', '/images/umamusume/105501.png', 105501, 105501, 105501),
    (105601, 'Special Dreamer', 'Special Week', '/images/umamusume/105601.png', 105601, 105601, 105601),
    (105701, 'Special Dreamer', 'Special Week', '/images/umamusume/105701.png', 105701, 105701, 105701),
    (105801, 'Special Dreamer', 'Special Week', '/images/umamusume/105801.png', 105801, 105801, 105801),
    (105901, 'Special Dreamer', 'Special Week', '/images/umamusume/105901.png', 105901, 105901, 105901),
    (106001, 'Special Dreamer', 'Special Week', '/images/umamusume/106001.png', 106001, 106001, 106001),
    (106101, 'Special Dreamer', 'Special Week', '/images/umamusume/106101.png', 106101, 106101, 106101),
    (106201, 'Special Dreamer', 'Special Week', '/images/umamusume/106201.png', 106201, 106201, 106201),
    (106301, 'Special Dreamer', 'Special Week', '/images/umamusume/106301.png', 106301, 106301, 106301),
    (106401, 'Special Dreamer', 'Special Week', '/images/umamusume/106401.png', 106401, 106401, 106401),
    (106501, 'Special Dreamer', 'Special Week', '/images/umamusume/106501.png', 106501, 106501, 106501),
    (106601, 'Special Dreamer', 'Special Week', '/images/umamusume/106601.png', 106601, 106601, 106601),
    (106701, 'Special Dreamer', 'Special Week', '/images/umamusume/106701.png', 106701, 106701, 106701),
    (106801, 'Special Dreamer', 'Special Week', '/images/umamusume/106801.png', 106801, 106801, 106801),
    (106901, 'Special Dreamer', 'Special Week', '/images/umamusume/106901.png', 106901, 106901, 106901),
    (107001, 'Special Dreamer', 'Special Week', '/images/umamusume/107001.png', 107001, 107001, 107001),
    (107101, 'Special Dreamer', 'Special Week', '/images/umamusume/107101.png', 107101, 107101, 107101),
    (107201, 'Special Dreamer', 'Special Week', '/images/umamusume/107201.png', 107201, 107201, 107201),
    (107301, 'Special Dreamer', 'Special Week', '/images/umamusume/107301.png', 107301, 107301, 107301),
    (107401, 'Special Dreamer', 'Special Week', '/images/umamusume/107401.png', 107401, 107401, 107401),
    (107501, 'Special Dreamer', 'Special Week', '/images/umamusume/107501.png', 107501, 107501, 107501),
    (107601, 'Special Dreamer', 'Special Week', '/images/umamusume/107601.png', 107601, 107601, 107601),
    (107701, 'Special Dreamer', 'Special Week', '/images/umamusume/107701.png', 107701, 107701, 107701),
    (107801, 'Special Dreamer', 'Special Week', '/images/umamusume/107801.png', 107801, 107801, 107801),
    (107901, 'Special Dreamer', 'Special Week', '/images/umamusume/107901.png', 107901, 107901, 107901),
    (108001, 'Special Dreamer', 'Special Week', '/images/umamusume/108001.png', 108001, 108001, 108001),
    (108101, 'Special Dreamer', 'Special Week', '/images/umamusume/108101.png', 108101, 108101, 108101),
    (108201, 'Special Dreamer', 'Special Week', '/images/umamusume/108201.png', 108201, 108201, 108201),
    (108301, 'Special Dreamer', 'Special Week', '/images/umamusume/108301.png', 108301, 108301, 108301),
    (108401, 'Special Dreamer', 'Special Week', '/images/umamusume/108401.png', 108401, 108401, 108401),
    (108501, 'Special Dreamer', 'Special Week', '/images/umamusume/108501.png', 108501, 108501, 108501),
    (108601, 'Special Dreamer', 'Special Week', '/images/umamusume/108601.png', 108601, 108601, 108601),
    (108701, 'Special Dreamer', 'Special Week', '/images/umamusume/108701.png', 108701, 108701, 108701),
    (108801, 'Special Dreamer', 'Special Week', '/images/umamusume/108801.png', 108801, 108801, 108801),
    (108901, 'Special Dreamer', 'Special Week', '/images/umamusume/108901.png', 108901, 108901, 108901),
    (109001, 'Special Dreamer', 'Special Week', '/images/umamusume/109001.png', 109001, 109001, 109001),
    (109101, 'Special Dreamer', 'Special Week', '/images/umamusume/109101.png', 109101, 109101, 109101),
    (109201, 'Special Dreamer', 'Special Week', '/images/umamusume/109201.png', 109201, 109201, 109201),
    (109301, 'Special Dreamer', 'Special Week', '/images/umamusume/109301.png', 109301, 109301, 109301),
    (109401, 'Special Dreamer', 'Special Week', '/images/umamusume/109401.png', 109401, 109401, 109401),
    (109501, 'Special Dreamer', 'Special Week', '/images/umamusume/109501.png', 109501, 109501, 109501),
    (109601, 'Special Dreamer', 'Special Week', '/images/umamusume/109501.png', 109601, 109601, 109601),
    (109701, 'Special Dreamer', 'Special Week', '/images/umamusume/109701.png', 109701, 109701, 109701),
    (109801, 'Special Dreamer', 'Special Week', '/images/umamusume/109801.png', 109801, 109801, 109801),
    (109901, 'Special Dreamer', 'Special Week', '/images/umamusume/109901.png', 109901, 109901, 109901),
    (110001, 'Special Dreamer', 'Special Week', '/images/umamusume/110001.png', 110001, 110001, 110001),
    (110101, 'Special Dreamer', 'Special Week', '/images/umamusume/110101.png', 110101, 110101, 110101),
    (110201, 'Special Dreamer', 'Special Week', '/images/umamusume/110201.png', 110201, 110201, 110201),
    (110301, 'Special Dreamer', 'Special Week', '/images/umamusume/110301.png', 110301, 110301, 110301),
    (110401, 'Special Dreamer', 'Special Week', '/images/umamusume/110401.png', 110401, 110401, 110401),
    (110501, 'Special Dreamer', 'Special Week', '/images/umamusume/110501.png', 110501, 110501, 110501),
    (110601, 'Special Dreamer', 'Special Week', '/images/umamusume/110601.png', 110601, 110601, 110601),
    (110701, 'Special Dreamer', 'Special Week', '/images/umamusume/110701.png', 110701, 110701, 110701),
    (110801, 'Special Dreamer', 'Special Week', '/images/umamusume/110801.png', 110801, 110801, 110801),
    (110901, 'Special Dreamer', 'Special Week', '/images/umamusume/110901.png', 110901, 110901, 110901);